cone_id,width
2,393.0787048339844
1,400.9168701171875
0,452.2187805175781
